tau_s,Kv_m_per_V,IAE,ITAE,ITSE,u_rms,u_max,sat_frac,ppf_viol_m,J
0.003,0.0001,0.175511,1.63173,0.0155932,3.44935,5,0.193806,0,0.793519
0.003,0.0002,0.191722,1.79671,0.0197415,4.09597,5,0.54046,0,0.941612
0.003,0.0003,0.148614,1.36459,0.0118789,4.21254,5,0.527473,0,0.689188
0.003,0.0004,0.179048,1.64201,0.0173158,4.21823,5,0.586414,0.000439275,0.876582
0.003,0.0005,0.275929,3.21941,0.0797229,4.49693,5,0.714286,0.0320726,1.55075
0.003,0.0006,0.604438,7.55821,0.403963,4.8554,5,0.904096,0.094305,2.38502
0.003,0.0008,0.93142,10.9348,0.790917,4.94443,5,0.963037,0.108143,2.75796
0.01,0.0001,0.159967,1.48311,0.0133736,2.35407,4.22581,0,0,0.612562
0.01,0.0002,0.158221,1.46759,0.0130562,3.66655,5,0.353646,0,0.711962
0.01,0.0003,0.171798,1.60179,0.0158859,3.82076,5,0.404595,0,0.813761
0.01,0.0004,0.391958,4.14802,0.113425,4.58936,5,0.793207,0.0312998,1.7951
0.01,0.0005,0.48117,5.40716,0.195453,4.73791,5,0.844156,0.0481238,2.05664
0.01,0.0006,0.699648,7.59393,0.376277,4.89124,5,0.933067,0.0767041,2.40685
0.01,0.0008,0.783168,8.80506,0.517189,4.94048,5,0.964036,0.0897664,2.55407
0.02,0.0001,0.157874,1.46134,0.0130054,2.38067,4.00994,0,0,0.601405
0.02,0.0002,0.139419,1.28719,0.0101225,1.19641,3.10627,0,0,0.303937
0.02,0.0003,0.13452,1.24123,0.00944639,0.856006,4.01795,0,0,0.184923
0.02,0.0004,0.126153,1.15335,0.00883521,1.15671,5,0.002997,0,0.234688
0.02,0.0005,0.133102,1.21461,0.0101751,2.92255,5,0.180819,0,0.502414
0.02,0.0006,0.400437,5.13353,0.197526,4.39396,5,0.67033,0.0499201,1.98154
0.02,0.0008,0.615851,6.75307,0.297594,4.90805,5,0.938062,0.0623211,2.28783
0.0333333,0.0001,0.156154,1.44163,0.0126921,2.41519,4.07443,0,0,0.592774
0.0333333,0.0002,0.137638,1.26963,0.00983889,1.20966,3.38792,0,0,0.29294
0.0333333,0.0003,0.132564,1.22526,0.00919076,0.811115,2.62595,0,0,0.163605
0.0333333,0.0004,0.130444,1.20693,0.00893285,0.614689,2.55898,0,0,0.0935985
0.0333333,0.0005,0.129353,1.19746,0.00880182,0.499073,2.55898,0,0,0.0420614
0.0333333,0.0006,0.128638,1.1917,0.00871995,0.432088,2.55898,0,0,0.0778361
0.0333333,0.0008,0.120681,1.12873,0.00867066,3.19846,5,0.21978,0,0.485765
0.05,0.0001,0.154468,1.42211,0.0123806,2.46336,4.18229,0,0,0.585376
0.05,0.0002,0.136179,1.25384,0.0095885,1.23269,3.65992,0,0,0.285414
0.05,0.0003,0.131268,1.21202,0.00898402,0.826854,3.09956,0,0,0.168925
0.05,0.0004,0.12918,1.19517,0.00875183,0.62368,2.55898,0,0,0.0974668
0.05,0.0005,0.128109,1.18662,0.00863645,0.504412,2.55898,0,0,0.0438463
0.05,0.0006,0.127482,1.18161,0.00856949,0.42446,2.55898,0,0,0.0822598
0.05,0.0008,0.126858,1.1765,0.00849577,0.329464,2.55898,0,0,0.145444
