peaks,controller,IAE,ITAE,ITSE,u_rms,u_max,sat_frac,ppf_viol_m
3,AFC (Case B),0.106934,1.03352,0.00753577,4.43054,5,0.671329,0
3,BSC (Case B),0.712169,7.33195,0.336499,4.97225,5,0.982018,0.0529297
3,PID (Case B),0.715468,7.75792,0.384703,4.92721,5,0.961039,0.0633484
3,AFC (Case A),0.0663908,0.628803,0.00243153,2.16224,3.56777,0,0
4,AFC (Case B),0.163707,1.53412,0.0157321,4.22711,5,0.601399,0.00125607
4,BSC (Case B),0.708224,7.27679,0.333314,4.96875,5,0.982018,0.0538045
4,PID (Case B),0.714454,7.53747,0.391802,4.96522,5,0.98002,0.0693208
4,AFC (Case A),0.112648,1.03864,0.00671281,1.33768,3.07164,0,0
5,AFC (Case B),0.161665,1.51727,0.0157262,4.32917,5,0.628372,0.0022089
5,BSC (Case B),0.724468,7.51249,0.354842,4.96233,5,0.978022,0.0557733
5,PID (Case B),0.723482,7.60949,0.404974,4.93382,5,0.963037,0.07311
5,AFC (Case A),0.116505,1.09776,0.00737236,1.17658,3.08106,0,0
6,AFC (Case B),0.163449,1.51114,0.0149612,4.14473,5,0.551449,0.00077305
6,BSC (Case B),0.702302,7.2391,0.332114,4.96662,5,0.979021,0.0553924
6,PID (Case B),0.721962,7.60727,0.408936,4.92807,5,0.96004,0.0748791
6,AFC (Case A),0.121258,1.12373,0.00778415,0.46822,1.72012,0,0
7,AFC (Case B),0.164152,1.49565,0.0153015,4.19004,5,0.577423,0.00129396
7,BSC (Case B),0.697272,7.1468,0.329375,4.98464,5,0.989011,0.0617437
7,PID (Case B),0.730212,7.70468,0.422763,4.91496,5,0.946054,0.076429
7,AFC (Case A),0.124448,1.15869,0.00821519,0.371131,1.82977,0,0
8,AFC (Case B),0.282247,3.52066,0.10682,4.40754,5,0.678322,0.0478338
8,BSC (Case B),0.693449,7.10428,0.329567,4.9806,5,0.986014,0.0623839
8,PID (Case B),0.753303,8.05594,0.466012,4.92381,5,0.958042,0.0875495
8,AFC (Case A),0.125858,1.16287,0.00829457,0.407263,2.06278,0,0
9,AFC (Case B),0.171606,1.58864,0.0163469,4.19616,5,0.571429,0.00293492
9,BSC (Case B),0.68911,7.02675,0.322733,4.96014,5,0.979021,0.0629975
9,PID (Case B),0.736853,7.85784,0.446107,4.91802,5,0.952048,0.0805486
9,AFC (Case A),0.12707,1.18005,0.00850229,0.418405,2.14381,0,0
10,AFC (Case A),0.129353,1.19746,0.00880182,0.499073,2.55898,0,0
10,BSC (Case A),0.675559,6.8644,0.310112,4.97577,5,0.987013,0.0597962
10,PID (Case A),0.805866,8.82903,0.551725,4.97793,5,0.987013,0.0913643
10,AFC (Case A),0.129353,1.19746,0.00880182,0.499073,2.55898,0,0
