t,zr,mu1,zs_passive,zu_passive,u_passive,zs_afc,zu_afc,u_afc,zs_afc_aw,zu_afc_aw,u_afc_aw
0,0,0.2,0,0,0,0,0,-0,0,0,-0
0.02,0.00272696,0.189401,9.52189e-06,0.000504342,0,8.26516e-05,0.000160968,-2.55898,8.26516e-05,0.000160968,-2.55898
0.04,0.00544293,0.17942,0.000132488,0.00307363,0,0.000363967,0.00245662,-0.969509,0.000363967,0.00245662,-0.969509
0.06,0.008137,0.170019,0.000545999,0.00710026,0,0.000984146,0.00674838,0.264311,0.000984146,0.00674838,0.264311
0.08,0.0107983,0.161166,0.00133942,0.01065,0,0.00211904,0.010345,0.482876,0.00211904,0.010345,0.482876
0.1,0.0134161,0.152829,0.00247624,0.012853,0,0.00365368,0.0126621,-0.0303426,0.00365368,0.0126621,-0.0303426
0.12,0.01598,0.144977,0.00388878,0.0144836,0,0.00546417,0.0146132,-0.756494,0.00546417,0.0146132,-0.756494
0.14,0.0184795,0.137583,0.00556799,0.0166594,0,0.00746953,0.0172952,-0.313513,0.00746953,0.0172952,-0.313513
0.16,0.0209046,0.130619,0.0075566,0.019567,0,0.00965234,0.0205758,0.656195,0.00965234,0.0205758,0.656195
0.18,0.0232455,0.12406,0.00988156,0.0225301,0,0.0120493,0.0232671,0.6846,0.0120493,0.0232671,0.6846
0.2,0.0254928,0.117884,0.0125143,0.0249542,0,0.0146364,0.02505,-0.432899,0.0146364,0.02505,-0.432899
0.22,0.0276376,0.112067,0.0153924,0.0269075,0,0.0172735,0.0271137,-0.658279,0.0172735,0.0271137,-0.658279
0.24,0.029671,0.106589,0.0184633,0.028842,0,0.019836,0.030132,0.451258,0.019836,0.030132,0.451258
0.26,0.031585,0.10143,0.0216985,0.0309981,0,0.0223245,0.0329374,1.13841,0.0223245,0.0329374,1.13841
0.28,0.0333719,0.0965713,0.0250733,0.0332044,0,0.0247624,0.0343535,-0.233846,0.0247624,0.0343535,-0.233846
0.3,0.0350244,0.0919957,0.0285446,0.0351654,0,0.0270143,0.0354301,-1.01447,0.0270143,0.0354301,-1.01447
0.32,0.0365359,0.0876865,0.0320511,0.0367935,0,0.0289117,0.0376244,-0.287337,0.0289117,0.0376244,-0.287337
0.34,0.0379003,0.0836283,0.0355305,0.0382277,0,0.0304527,0.0401503,1.06213,0.0304527,0.0401503,1.06213
0.36,0.0391121,0.0798064,0.0389319,0.0396122,0,0.0317024,0.0413209,0.153072,0.0317024,0.0413209,0.153072
0.38,0.0401665,0.0762071,0.0422123,0.0409356,0,0.032622,0.0413523,-1.33304,0.032622,0.0413523,-1.33304
0.4,0.0410592,0.0728173,0.0453281,0.0420798,0,0.0330454,0.0422145,-1.1328,0.0330454,0.0422145,-1.1328
0.42,0.0417865,0.069625,0.0482309,0.042967,0,0.0329709,0.0439723,0.807387,0.0329709,0.0439723,0.807387
0.44,0.0423457,0.0666186,0.0508729,0.0436219,0,0.0325452,0.0447217,0.2375,0.0325452,0.0447217,0.2375
0.46,0.0427344,0.0637873,0.0532142,0.0441106,0,0.0318224,0.0439788,-1.28248,0.0318224,0.0439788,-1.28248
0.48,0.042951,0.0611209,0.0552234,0.0444555,0,0.0306852,0.0436211,-1.25328,0.0306852,0.0436211,-1.25328
0.5,0.0429947,0.0586097,0.0568748,0.0446216,0,0.0291648,0.0441992,0.195872,0.0291648,0.0441992,0.195872
0.52,0.0428653,0.0562448,0.0581455,0.0445684,0,0.027429,0.0443091,-0.0693457,0.027429,0.0443091,-0.0693457
0.54,0.0425634,0.0540176,0.0590163,0.0442925,0,0.0255428,0.0433725,-0.638141,0.0255428,0.0433725,-0.638141
0.56,0.0420901,0.0519201,0.0594742,0.043821,0,0.0234642,0.042334,-0.722026,0.0234642,0.042334,-0.722026
0.58,0.0414473,0.0499447,0.059514,0.0431759,0,0.0212476,0.0416185,-0.159912,0.0212476,0.0416185,-0.159912
0.6,0.0406377,0.0480844,0.0591365,0.0423556,0,0.0190064,0.0407954,0.0176386,0.0190064,0.0407954,0.0176386
0.62,0.0396645,0.0463324,0.0583476,0.0413474,0,0.0168255,0.0394942,-0.143926,0.0168255,0.0394942,-0.143926
0.64,0.0385316,0.0446825,0.0571571,0.0401488,0,0.0147305,0.0379868,-0.250772,0.0147305,0.0379868,-0.250772
0.66,0.0372436,0.0431286,0.0555793,0.0387732,0,0.0127466,0.0366052,0.0293704,0.0127466,0.0366052,0.0293704
0.68,0.0358056,0.0416652,0.0536333,0.0372377,0,0.0109211,0.0352469,0.400283,0.0109211,0.0352469,0.400283
0.7,0.0342235,0.0402871,0.0513427,0.0355523,0,0.00931,0.0335602,0.339447,0.00931,0.0335602,0.339447
0.72,0.0325037,0.0389892,0.048734,0.0337196,0,0.0079302,0.0315905,0.0453933,0.0079302,0.0315905,0.0453933
0.74,0.0306529,0.0377669,0.0458361,0.0317435,0,0.00674553,0.0298002,0.245035,0.00674553,0.0298002,0.245035
0.76,0.0286788,0.0366157,0.0426796,0.0296345,0,0.00573629,0.0282125,0.764678,0.00573629,0.0282125,0.764678
0.78,0.0265892,0.0355316,0.0392969,0.0274068,0,0.00492006,0.026289,0.637793,0.00492006,0.026289,0.637793
0.8,0.0243926,0.0345107,0.0357215,0.0250733,0,0.0042645,0.0239778,0.266466,0.0042645,0.0239778,0.266466
0.82,0.0220977,0.0335492,0.0319872,0.0226435,0,0.00368369,0.0218089,0.519155,0.00368369,0.0218089,0.519155
0.84,0.0197139,0.0326436,0.0281277,0.020126,0,0.00314498,0.0197837,0.805909,0.00314498,0.0197837,0.805909
0.86,0.0172508,0.0317909,0.0241758,0.0175313,0,0.00265092,0.0174651,0.609852,0.00265092,0.0174651,0.609852
0.88,0.0147181,0.0309878,0.0201635,0.0148722,0,0.0021524,0.0149057,0.481847,0.0021524,0.0149057,0.481847
0.9,0.0121263,0.0302314,0.0161211,0.0121616,0,0.00159295,0.0123956,0.59392,0.00159295,0.0123956,0.59392
0.92,0.0094856,0.0295191,0.0120774,0.00941085,0,0.000962651,0.00988348,0.646591,0.000962651,0.00988348,0.646591
0.94,0.00680673,0.0288483,0.00805909,0.00663055,0,0.000260338,0.00722284,0.56804,0.000260338,0.00722284,0.56804
0.96,0.00410045,0.0282165,0.00409063,0.0038314,0,-0.000528978,0.00446132,0.529352,-0.000528978,0.00446132,0.529352
0.98,0.00137767,0.0276216,0.000193977,0.00102492,0,-0.0014107,0.00169011,0.553789,-0.0014107,0.00169011,0.553789
1,-0.00135066,0.0270612,-0.00361135,-0.00177714,0,-0.00237017,-0.00109906,0.562991,-0.00237017,-0.00109906,0.562991
1.02,-0.00407355,0.0265336,-0.00730831,-0.00456362,0,-0.00338619,-0.00392944,0.543707,-0.00338619,-0.00392944,0.543707
1.04,-0.00678005,0.0260366,-0.0108823,-0.00732408,0,-0.00443695,-0.00677158,0.539508,-0.00443695,-0.00677158,0.539508
1.06,-0.00945924,0.0255686,-0.0143213,-0.0100484,0,-0.00549544,-0.00958623,0.557874,-0.00549544,-0.00958623,0.557874
1.08,-0.0121004,0.0251278,-0.0176156,-0.0127263,0,-0.00652884,-0.0123609,0.574723,-0.00652884,-0.0123609,0.574723
1.1,-0.0146928,0.0247127,-0.0207574,-0.0153477,0,-0.00750383,-0.0150875,0.58411,-0.00750383,-0.0150875,0.58411
1.12,-0.017226,0.0243218,-0.0237413,-0.0179027,0,-0.00839019,-0.0177433,0.597017,-0.00839019,-0.0177433,0.597017
1.14,-0.0196899,0.0239537,-0.0265634,-0.020382,0,-0.00916113,-0.0203034,0.612995,-0.00916113,-0.0203034,0.612995
1.16,-0.0220745,0.0236069,-0.0292214,-0.0227767,0,-0.00979479,-0.0227523,0.62253,-0.00979479,-0.0227523,0.62253
1.18,-0.0243703,0.0232804,-0.0317145,-0.0250782,0,-0.010277,-0.0250771,0.622463,-0.010277,-0.0250771,0.622463
1.2,-0.026568,0.0229729,-0.0340428,-0.027278,0,-0.0106029,-0.027264,0.614405,-0.0106029,-0.027264,0.614405
1.22,-0.0286587,0.0226833,-0.0362074,-0.0293682,0,-0.0107777,-0.0293019,0.597899,-0.0107777,-0.0293019,0.597899
1.24,-0.030634,0.0224106,-0.03821,-0.0313411,0,-0.0108159,-0.0311867,0.571585,-0.0108159,-0.0311867,0.571585
1.26,-0.032486,0.0221537,-0.0400526,-0.0331896,0,-0.0107406,-0.0329195,0.535696,-0.0107406,-0.0329195,0.535696
1.28,-0.0342072,0.0219118,-0.0417375,-0.034907,0,-0.0105817,-0.0345052,0.491429,-0.0105817,-0.0345052,0.491429
1.3,-0.0357907,0.021684,-0.0432669,-0.036487,0,-0.0103728,-0.0359516,0.439881,-0.0103728,-0.0359516,0.439881
1.32,-0.0372301,0.0214695,-0.044643,-0.0379236,0,-0.0101475,-0.0372672,0.382214,-0.0101475,-0.0372672,0.382214
1.34,-0.0385196,0.0212674,-0.0458676,-0.0392114,0,-0.00993664,-0.0384592,0.320179,-0.00993664,-0.0384592,0.320179
1.36,-0.0396541,0.0210772,-0.0469421,-0.0403457,0,-0.00976452,-0.0395315,0.256106,-0.00976452,-0.0395315,0.256106
1.38,-0.0406289,0.020898,-0.0478675,-0.0413219,0,-0.00964724,-0.0404844,0.192412,-0.00964724,-0.0404844,0.192412
1.4,-0.0414401,0.0207292,-0.0486441,-0.0421363,0,-0.00959112,-0.0413146,0.131113,-0.00959112,-0.0413146,0.131113
1.42,-0.0420845,0.0205703,-0.0492719,-0.0427855,0,-0.00959256,-0.0420154,0.0736435,-0.00959256,-0.0420154,0.0736435
1.44,-0.0425595,0.0204206,-0.0497501,-0.0432669,0,-0.00963882,-0.0425773,0.0208647,-0.00963882,-0.0425773,0.0208647
1.46,-0.0428632,0.0202796,-0.0500774,-0.0435782,0,-0.00970972,-0.0429884,-0.0269372,-0.00970972,-0.0429884,-0.0269372
1.48,-0.0429943,0.0201469,-0.0502523,-0.043718,0,-0.00978008,-0.0432353,-0.0700904,-0.00978008,-0.0432353,-0.0700904
1.5,-0.0429523,0.0200218,-0.0502725,-0.0436853,0,-0.00982266,-0.043304,-0.0792483,-0.00982266,-0.043304,-0.0792483
1.52,-0.0427373,0.0199041,-0.0501358,-0.04348,0,-0.00981028,-0.0431873,-0.11504,-0.00981028,-0.0431873,-0.11504
1.54,-0.0423504,0.0197932,-0.0498394,-0.0431023,0,-0.00971876,-0.0428786,-0.157861,-0.00971876,-0.0428786,-0.157861
1.56,-0.0417929,0.0196888,-0.049381,-0.0425533,0,-0.0095334,-0.0423522,-0.179575,-0.0095334,-0.0423522,-0.179575
1.58,-0.0410672,0.0195904,-0.0487577,-0.0418348,0,-0.00924634,-0.041607,-0.189025,-0.00924634,-0.041607,-0.189025
1.6,-0.0401761,0.0194978,-0.0479673,-0.0409492,0,-0.00885653,-0.0406715,-0.227815,-0.00885653,-0.0406715,-0.227815
1.62,-0.0391234,0.0194106,-0.0470078,-0.0398995,0,-0.0083735,-0.0395558,-0.283428,-0.0083735,-0.0395558,-0.283428
1.64,-0.0379131,0.0193284,-0.0458775,-0.0386894,0,-0.00781686,-0.0382457,-0.303217,-0.00781686,-0.0382457,-0.303217
1.66,-0.0365501,0.0192511,-0.0445756,-0.0373233,0,-0.00720806,-0.0367624,-0.310376,-0.00720806,-0.0367624,-0.310376
1.68,-0.0350401,0.0191782,-0.0431018,-0.0358065,0,-0.00656665,-0.0351605,-0.367132,-0.00656665,-0.0351605,-0.367132
1.7,-0.0333889,0.0191096,-0.0414568,-0.0341444,0,-0.00591455,-0.0334501,-0.435162,-0.00591455,-0.0334501,-0.435162
1.72,-0.0316034,0.019045,-0.0396422,-0.0323435,0,-0.00527347,-0.0316034,-0.448994,-0.00527347,-0.0316034,-0.448994
1.74,-0.0296906,0.0189841,-0.0376605,-0.0304108,0,-0.00465509,-0.0296403,-0.462611,-0.00465509,-0.0296403,-0.462611
1.76,-0.0276583,0.0189268,-0.0355155,-0.0283537,0,-0.00406263,-0.027607,-0.524919,-0.00406263,-0.027607,-0.524919
1.78,-0.0255146,0.0188728,-0.033212,-0.0261803,0,-0.00349899,-0.0254924,-0.569802,-0.00349899,-0.0254924,-0.569802
1.8,-0.0232682,0.018822,-0.030756,-0.0238993,0,-0.00296308,-0.0232679,-0.570944,-0.00296308,-0.0232679,-0.570944
1.82,-0.0209282,0.0187741,-0.0281548,-0.0215198,0,-0.00244472,-0.0209547,-0.588731,-0.00244472,-0.0209547,-0.588731
1.84,-0.0185038,0.0187291,-0.0254168,-0.0190512,0,-0.00193187,-0.0185768,-0.62313,-0.00193187,-0.0185768,-0.62313
1.86,-0.016005,0.0186866,-0.0225514,-0.0165036,0,-0.0014155,-0.0161212,-0.634425,-0.0014155,-0.0161212,-0.634425
1.88,-0.0134418,0.0186466,-0.0195695,-0.0138873,0,-0.000885754,-0.0135824,-0.633937,-0.000885754,-0.0135824,-0.633937
1.9,-0.0108245,0.018609,-0.0164828,-0.0112129,0,-0.000332461,-0.0109786,-0.642259,-0.000332461,-0.0109786,-0.642259
1.92,-0.00816353,0.0185735,-0.0133039,-0.0084913,0,0.000250322,-0.00832183,-0.649934,0.000250322,-0.00832183,-0.649934
1.94,-0.00546973,0.0185401,-0.0100466,-0.0057337,0,0.000864125,-0.00561502,-0.650316,0.000864125,-0.00561502,-0.650316
1.96,-0.00275392,0.0185087,-0.00672512,-0.00295139,0,0.00150759,-0.00286846,-0.649833,0.00150759,-0.00286846,-0.649833
1.98,-2.70177e-05,0.018479,-0.00335466,-0.00015581,0,0.00217592,-9.79111e-05,-0.651328,0.00217592,-9.79111e-05,-0.651328
2,0.00269999,0.0184511,4.91474e-05,0.00264154,0,0.00286057,0.00268275,-0.652458,0.00286057,0.00268275,-0.652458
2.02,0.00541613,0.0184249,0.00347024,0.00542914,0,0.00355022,0.0054603,-0.652509,0.00355022,0.0054603,-0.652509
2.04,0.00811047,0.0184001,0.00689223,0.0081955,0,0.0042319,0.00821972,-0.652262,0.0042319,0.00821972,-0.652262
2.06,0.0107722,0.0183768,0.0102986,0.0109292,0,0.00489187,0.0109453,-0.65143,0.00489187,0.0109453,-0.65143
2.08,0.0133905,0.0183549,0.0136727,0.013619,0,0.00551653,0.013622,-0.648879,0.00551653,0.013622,-0.648879
2.1,0.0159549,0.0183342,0.0169981,0.0162539,0,0.00609356,0.0162355,-0.643659,0.00609356,0.0162355,-0.643659
2.12,0.0184551,0.0183147,0.0202586,0.018823,0,0.00661297,0.018772,-0.635037,0.00661297,0.018772,-0.635037
2.14,0.0208809,0.0182964,0.0234383,0.0213157,0,0.00706782,0.021219,-0.622285,0.00706782,0.021219,-0.622285
2.16,0.0232228,0.0182792,0.0265216,0.0237218,0,0.0074548,0.0235655,-0.604788,0.0074548,0.0235655,-0.604788
2.18,0.0254711,0.0182629,0.0294939,0.0260316,0,0.00777449,0.0258024,-0.582224,0.00777449,0.0258024,-0.582224
2.2,0.0276169,0.0182476,0.0323408,0.0282355,0,0.00803121,0.0279227,-0.554575,0.00803121,0.0279227,-0.554575
2.22,0.0296515,0.0182332,0.0350491,0.0303247,0,0.00823254,0.0299214,-0.522053,0.00823254,0.0299214,-0.522053
2.24,0.0315667,0.0182196,0.0376061,0.0322905,0,0.0083884,0.0317951,-0.485047,0.0083884,0.0317951,-0.485047
2.26,0.0333548,0.0182068,0.0400002,0.0341251,0,0.00850995,0.0335417,-0.444101,0.00850995,0.0335417,-0.444101
2.28,0.0350087,0.0181948,0.0422207,0.0358211,0,0.00860824,0.0351595,-0.399892,0.00860824,0.0351595,-0.399892
2.3,0.0365216,0.0181834,0.0442581,0.0373717,0,0.00869299,0.0366464,-0.353193,0.00869299,0.0366464,-0.353193
2.32,0.0378875,0.0181727,0.0461036,0.0387705,0,0.00877147,0.0379997,-0.304812,0.00877147,0.0379997,-0.304812
2.34,0.0391009,0.0181627,0.0477498,0.0400122,0,0.00884771,0.0392153,-0.255517,0.00884771,0.0392153,-0.255517
2.36,0.0401569,0.0181532,0.0491902,0.0410918,0,0.00892221,0.0402878,-0.205966,0.00892221,0.0402878,-0.205966
2.38,0.0410511,0.0181443,0.0504196,0.0420049,0,0.00899197,0.0412106,-0.156652,0.00899197,0.0412106,-0.156652
2.4,0.0417802,0.0181359,0.0514337,0.0427482,0,0.00905107,0.0419763,-0.107892,0.00905107,0.0419763,-0.107892
2.42,0.042341,0.018128,0.0522294,0.0433186,0,0.00909155,0.0425771,-0.0598505,0.00909155,0.0425771,-0.0598505
2.44,0.0427314,0.0181205,0.0528045,0.0437141,0,0.00910455,0.0430053,-0.0125903,0.00910455,0.0430053,-0.0125903
2.46,0.0429497,0.0181135,0.0531581,0.0439331,0,0.00908154,0.0432544,0.0338754,0.00908154,0.0432544,0.0338754
2.48,0.0429951,0.0181069,0.0532902,0.0439749,0,0.00901548,0.0433196,0.0795587,0.00901548,0.0433196,0.0795587
2.5,0.0428674,0.0181007,0.0532016,0.0438396,0,0.00890218,0.0431959,0.0736637,0.00890218,0.0431959,0.0736637
2.52,0.0425672,0.0180948,0.0528942,0.0435277,0,0.0087366,0.0429024,0.142125,0.0087366,0.0429024,0.142125
2.54,0.0420956,0.0180893,0.0523708,0.0430407,0,0.00851789,0.0424352,0.211906,0.00851789,0.0424352,0.211906
2.56,0.0414545,0.0180841,0.051635,0.0423807,0,0.00825464,0.0417497,0.201449,0.00825464,0.0417497,0.201449
2.58,0.0406465,0.0180792,0.0506912,0.0415503,0,0.00794967,0.0408855,0.194307,0.00794967,0.0408855,0.194307
2.6,0.0396749,0.0180746,0.0495446,0.0405531,0,0.00760189,0.0399153,0.296108,0.00760189,0.0399153,0.296108
2.62,0.0385436,0.0180702,0.0482011,0.0393931,0,0.00722044,0.0387971,0.383689,0.00722044,0.0387971,0.383689
2.64,0.0372571,0.0180661,0.0466671,0.038075,0,0.00681905,0.0374526,0.33158,0.00681905,0.0374526,0.33158
2.66,0.0358206,0.0180623,0.0449499,0.0366043,0,0.00639691,0.0359546,0.323376,0.00639691,0.0359546,0.323376
2.68,0.0342399,0.0180587,0.0430572,0.0349868,0,0.00594885,0.0344009,0.456213,0.00594885,0.0344009,0.456213
2.7,0.0325213,0.0180552,0.0409974,0.0332292,0,0.00548498,0.0327147,0.513409,0.00548498,0.0327147,0.513409
2.72,0.0306719,0.018052,0.0387792,0.0313384,0,0.00501377,0.0308191,0.438198,0.00501377,0.0308191,0.438198
2.74,0.0286989,0.018049,0.0364119,0.0293221,0,0.00452517,0.0288153,0.468184,0.00452517,0.0288153,0.468184
2.76,0.0266104,0.0180461,0.0339052,0.0271884,0,0.00401298,0.0267695,0.577441,0.00401298,0.0267695,0.577441
2.78,0.0244148,0.0180435,0.0312693,0.0249458,0,0.00348555,0.0245939,0.577993,0.00348555,0.0245939,0.577993
2.8,0.0221209,0.0180409,0.0285145,0.0226034,0,0.00294286,0.0222654,0.539789,0.00294286,0.0222654,0.539789
2.82,0.0197379,0.0180385,0.0256517,0.0201704,0,0.00237547,0.0198691,0.585745,0.00237547,0.0198691,0.585745
2.84,0.0172755,0.0180363,0.0226921,0.0176566,0,0.00178372,0.0174203,0.63121,0.00178372,0.0174203,0.63121
2.86,0.0147435,0.0180342,0.019647,0.0150722,0,0.00117391,0.014875,0.621122,0.00117391,0.014875,0.621122
2.88,0.0121522,0.0180322,0.016528,0.0124273,0,0.000546245,0.0122491,0.620817,0.000546245,0.0122491,0.620817
2.9,0.00951195,0.0180303,0.0133472,0.00973266,0,-9.90679e-05,0.00958374,0.645199,-9.90679e-05,0.00958374,0.645199
2.92,0.0068334,0.0180286,0.0101164,0.00699895,0,-0.000755946,0.00688196,0.657449,-0.000755946,0.00688196,0.657449
2.94,0.00412734,0.0180269,0.00684799,0.00423715,0,-0.00141753,0.00414121,0.657565,-0.00141753,0.00414121,0.657565
2.96,0.00140467,0.0180253,0.00355428,0.00145829,0,-0.00207849,0.00137949,0.662578,-0.00207849,0.00137949,0.662578
2.98,-0.00132366,0.0180238,0.000247733,-0.00132651,0,-0.00273243,-0.00138487,0.669599,-0.00273243,-0.00138487,0.669599
3,-0.00404666,0.0180225,-0.00305913,-0.00410608,0,-0.00337177,-0.00414262,0.671875,-0.00337177,-0.00414262,0.671875
3.02,-0.00675337,0.0180212,-0.00635374,-0.0068693,0,-0.00398942,-0.00688362,0.670806,-0.00398942,-0.00688362,0.670806
3.04,-0.00943289,0.0180199,-0.00962356,-0.00960509,0,-0.0045792,-0.00959434,0.668344,-0.0045792,-0.00959434,0.668344
3.06,-0.0120744,0.0180188,-0.0128561,-0.0123025,0,-0.00513551,-0.0122621,0.663442,-0.00513551,-0.0122621,0.663442
3.08,-0.0146674,0.0180177,-0.0160389,-0.0149506,0,-0.00565374,-0.0148758,0.654985,-0.00565374,-0.0148758,0.654985
3.1,-0.0172013,0.0180166,-0.0191596,-0.0175389,0,-0.0061306,-0.0174247,0.642885,-0.0061306,-0.0174247,0.642885
3.12,-0.0196659,0.0180157,-0.0222062,-0.0200569,0,-0.00656425,-0.0198985,0.627182,-0.00656425,-0.0198985,0.627182
3.14,-0.0220514,0.0180148,-0.0251666,-0.0224945,0,-0.00695426,-0.0222872,0.607692,-0.00695426,-0.0222872,0.607692
3.16,-0.024348,0.0180139,-0.0280294,-0.0248419,0,-0.00730152,-0.024582,0.58429,-0.00730152,-0.024582,0.58429
3.18,-0.0265467,0.0180131,-0.030783,-0.0270897,0,-0.00760811,-0.0267749,0.557058,-0.00760811,-0.0267749,0.557058
3.2,-0.0286385,0.0180123,-0.0334164,-0.0292287,0,-0.007877,-0.0288584,0.52621,-0.007877,-0.0288584,0.52621
3.22,-0.030615,0.0180116,-0.0359192,-0.0312503,0,-0.00811167,-0.0308256,0.492012,-0.00811167,-0.0308256,0.492012
3.24,-0.0324683,0.0180109,-0.038281,-0.0331464,0,-0.00831575,-0.0326704,0.454772,-0.00831575,-0.0326704,0.454772
3.26,-0.0341908,0.0180103,-0.0404923,-0.0349093,0,-0.0084926,-0.0343867,0.414852,-0.0084926,-0.0343867,0.414852
3.28,-0.0357757,0.0180097,-0.0425439,-0.0365319,0,-0.00864497,-0.0359688,0.372643,-0.00864497,-0.0359688,0.372643
3.3,-0.0372166,0.0180091,-0.0444272,-0.0380076,0,-0.00877469,-0.0374109,0.328534,-0.00877469,-0.0374109,0.328534
3.32,-0.0385076,0.0180086,-0.0461344,-0.0393304,0,-0.00888258,-0.0387073,0.28289,-0.00888258,-0.0387073,0.28289
3.34,-0.0396436,0.0180081,-0.0476582,-0.040495,0,-0.00896836,-0.0398522,0.236047,-0.00896836,-0.0398522,0.236047
3.36,-0.04062,0.0180076,-0.0489922,-0.0414967,0,-0.00903083,-0.04084,0.188312,-0.00903083,-0.04084,0.188312
3.38,-0.0414329,0.0180072,-0.0501304,-0.0423313,0,-0.00906807,-0.0416654,0.13996,-0.00906807,-0.0416654,0.13996
3.4,-0.042079,0.0180068,-0.0510679,-0.0429955,0,-0.00907779,-0.0423234,0.0912362,-0.00907779,-0.0423234,0.0912362
3.42,-0.0425557,0.0180064,-0.0518006,-0.0434866,0,-0.0090577,-0.0428098,0.0423598,-0.0090577,-0.0428098,0.0423598
3.44,-0.042861,0.018006,-0.0523249,-0.0438025,0,-0.00900585,-0.0431216,-0.00646492,-0.00900585,-0.0431216,-0.00646492
3.46,-0.0429938,0.0180057,-0.0526386,-0.043942,0,-0.00892094,-0.0432565,-0.0550456,-0.00892094,-0.0432565,-0.0550456
3.48,-0.0429535,0.0180053,-0.0527398,-0.0439045,0,-0.00880253,-0.0432138,-0.103198,-0.00880253,-0.0432138,-0.103198
3.5,-0.0427403,0.018005,-0.0526279,-0.04369,0,-0.00865325,-0.0429838,-0.122031,-0.00865325,-0.0429838,-0.122031
3.52,-0.042355,0.0180047,-0.052303,-0.0432996,0,-0.00847455,-0.0425796,-0.128518,-0.00847455,-0.0425796,-0.128518
3.54,-0.0417993,0.0180044,-0.0517662,-0.0427346,0,-0.00826248,-0.042042,-0.194281,-0.00826248,-0.042042,-0.194281
3.56,-0.0410752,0.0180042,-0.0510193,-0.0419974,0,-0.00801622,-0.041354,-0.278262,-0.00801622,-0.041354,-0.278262
3.58,-0.0401858,0.0180039,-0.0500653,-0.041091,0,-0.00773976,-0.040455,-0.274219,-0.00773976,-0.040455,-0.274219
3.6,-0.0391346,0.0180037,-0.0489079,-0.0400189,0,-0.00743067,-0.0393673,-0.253837,-0.00743067,-0.0393673,-0.253837
3.62,-0.0379258,0.0180035,-0.0475516,-0.0387856,0,-0.0070809,-0.0381721,-0.343512,-0.0070809,-0.0381721,-0.343512
3.64,-0.0365644,0.0180033,-0.0460018,-0.0373959,0,-0.006693,-0.0368428,-0.433149,-0.006693,-0.0368428,-0.433149
3.66,-0.0350557,0.0180031,-0.0442649,-0.0358556,0,-0.00627674,-0.0352971,-0.390789,-0.00627674,-0.0352971,-0.390789
3.68,-0.0334059,0.0180029,-0.0423478,-0.0341707,0,-0.00582997,-0.0335891,-0.376853,-0.00582997,-0.0335891,-0.376853
3.7,-0.0316217,0.0180028,-0.0402584,-0.0323481,0,-0.0053471,-0.0318145,-0.485312,-0.0053471,-0.0318145,-0.485312
3.72,-0.0297101,0.0180026,-0.0380052,-0.0303953,0,-0.00483732,-0.0299212,-0.53752,-0.00483732,-0.0299212,-0.53752
3.74,-0.0276789,0.0180024,-0.0355974,-0.0283199,0,-0.00431017,-0.0278444,-0.486069,-0.00431017,-0.0278444,-0.486069
3.76,-0.0255363,0.0180023,-0.0330449,-0.0261305,0,-0.00376107,-0.0256599,-0.50955,-0.00376107,-0.0256599,-0.50955
3.78,-0.0232909,0.0180022,-0.0303581,-0.0238358,0,-0.00318845,-0.0234258,-0.589996,-0.00318845,-0.0234258,-0.589996
3.8,-0.0209518,0.018002,-0.0275482,-0.0214451,0,-0.00260163,-0.0210871,-0.597798,-0.00260163,-0.0210871,-0.597798
3.82,-0.0185282,0.0180019,-0.0246266,-0.0189681,0,-0.00200397,-0.0186287,-0.579648,-0.00200397,-0.0186287,-0.579648
3.84,-0.0160301,0.0180018,-0.0216053,-0.0164147,0,-0.00139204,-0.0161087,-0.612047,-0.00139204,-0.0161087,-0.612047
3.86,-0.0134675,0.0180017,-0.0184967,-0.0137952,0,-0.000768218,-0.0135433,-0.643787,-0.000768218,-0.0135433,-0.643787
3.88,-0.0108506,0.0180016,-0.0153135,-0.0111203,0,-0.00013816,-0.0109109,-0.643683,-0.00013816,-0.0109109,-0.643683
3.9,-0.00819005,0.0180015,-0.0120687,-0.00840063,0,0.000496471,-0.00822354,-0.647,0.000496471,-0.00822354,-0.647
3.92,-0.00549653,0.0180014,-0.00877564,-0.00564722,0,0.00113438,-0.00550811,-0.661663,0.00113438,-0.00550811,-0.661663
3.94,-0.00278088,0.0180013,-0.00544772,-0.00287115,0,0.00177133,-0.00277235,-0.669639,0.00177133,-0.00277235,-0.669639
3.96,-5.40354e-05,0.0180013,-0.00209848,-8.36086e-05,0,0.00240266,-2.00567e-05,-0.670521,0.00240266,-2.00567e-05,-0.670521
3.98,0.00267303,0.0180012,0.00125847,0.00270418,0,0.0030245,0.0027352,-0.671746,0.0030245,0.0027352,-0.671746
4,0.00538933,0.0180011,0.00460948,0.00548099,0,0.00363243,0.00547894,-0.672499,0.00363243,0.00547894,-0.672499
4.02,0.00808393,0.0180011,0.007941,0.00823563,0,0.00422142,0.00820054,-0.66998,0.00422142,0.00820054,-0.66998
4.04,0.010746,0.018001,0.0112395,0.010957,0,0.00478653,0.0108893,-0.664394,0.00478653,0.0108893,-0.664394
4.06,0.0133648,0.0180009,0.0144918,0.0136342,0,0.0053232,0.0135333,-0.656429,0.0053232,0.0135333,-0.656429
4.08,0.0159298,0.0180009,0.0176846,0.0162564,0,0.00582724,0.0161206,-0.645749,0.00582724,0.0161206,-0.645749
4.1,0.0184307,0.0180008,0.0208052,0.0188131,0,0.00629505,0.0186403,-0.631823,0.00629505,0.0186403,-0.631823
4.12,0.0208573,0.0180008,0.0238411,0.021294,0,0.00672383,0.0210816,-0.614466,0.00672383,0.0210816,-0.614466
4.14,0.0232,0.0180007,0.02678,0.0236891,0,0.00711181,0.0234344,-0.593633,0.00711181,0.0234344,-0.593633
4.16,0.0254493,0.0180007,0.0296102,0.0259887,0,0.00745826,0.0256891,-0.569253,0.00745826,0.0256891,-0.569253
4.18,0.0275961,0.0180007,0.0323203,0.0281837,0,0.00776352,0.0278369,-0.541291,0.00776352,0.0278369,-0.541291
4.2,0.0296319,0.0180006,0.0348997,0.0302652,0,0.00802891,0.0298697,-0.509827,0.00802891,0.0298697,-0.509827
4.22,0.0315483,0.0180006,0.0373379,0.0322248,0,0.00825663,0.0317804,-0.475051,0.00825663,0.0317804,-0.475051
4.24,0.0333378,0.0180005,0.0396253,0.0340546,0,0.00844944,0.0335624,-0.437216,0.00844944,0.0335624,-0.437216
4.26,0.034993,0.0180005,0.0417528,0.0357474,0,0.0086104,0.0352099,-0.396622,0.0086104,0.0352099,-0.396622
4.28,0.0365074,0.0180005,0.0437119,0.0372963,0,0.00874255,0.0367176,-0.353615,0.00874255,0.0367176,-0.353615
4.3,0.0378747,0.0180005,0.0454949,0.038695,0,0.00884857,0.0380806,-0.308574,0.00884857,0.0380806,-0.308574
4.32,0.0390897,0.0180004,0.0470947,0.0399379,0,0.00893052,0.039294,-0.261889,0.00893052,0.039294,-0.261889
4.34,0.0401472,0.0180004,0.048505,0.0410201,0,0.00898966,0.0403533,-0.213945,0.00898966,0.0403533,-0.213945
4.36,0.0410431,0.0180004,0.0497202,0.0419372,0,0.00902637,0.0412542,-0.16511,0.00902637,0.0412542,-0.16511
4.38,0.0417738,0.0180004,0.0507354,0.0426855,0,0.00904019,0.0419923,-0.115732,0.00904019,0.0419923,-0.115732
4.4,0.0423363,0.0180003,0.0515468,0.043262,0,0.00902995,0.0425636,-0.0661328,0.00902995,0.0425636,-0.0661328
4.42,0.0427283,0.0180003,0.052151,0.0436644,0,0.00899404,0.0429646,-0.0166015,0.00899404,0.0429646,-0.0166015
4.44,0.0429484,0.0180003,0.0525458,0.0438911,0,0.00893064,0.0431925,0.0326018,0.00893064,0.0431925,0.0326018
4.46,0.0429955,0.0180003,0.0527295,0.0439411,0,0.00883808,0.0432452,0.0812412,0.00883808,0.0432452,0.0812412
4.48,0.0428696,0.0180003,0.0527014,0.0438142,0,0.00871541,0.0431199,0.0759324,0.00871541,0.0431199,0.0759324
4.5,0.042571,0.0180002,0.0524618,0.0435111,0,0.00855836,0.0428361,0.148695,0.00855836,0.0428361,0.148695
4.52,0.0421011,0.0180002,0.0520115,0.0430328,0,0.00836461,0.0423871,0.220191,0.00836461,0.0423871,0.220191
4.54,0.0414617,0.0180002,0.0513523,0.0423812,0,0.00813943,0.0417238,0.206372,0.00813943,0.0417238,0.206372
4.56,0.0406553,0.0180002,0.050487,0.0415592,0,0.00788023,0.040886,0.199356,0.00788023,0.040886,0.199356
4.58,0.0396853,0.0180002,0.0494189,0.0405698,0,0.00757996,0.0399442,0.305232,0.00757996,0.0399442,0.305232
4.6,0.0385556,0.0180002,0.0481523,0.0394171,0,0.00724268,0.0388476,0.389085,0.00724268,0.0388476,0.389085
4.62,0.0372706,0.0180002,0.0466923,0.0381058,0,0.00687748,0.0375154,0.328924,0.00687748,0.0375154,0.328924
4.64,0.0358355,0.0180002,0.0450447,0.0366411,0,0.00647951,0.0360257,0.322861,0.00647951,0.0360257,0.322861
4.66,0.0342562,0.0180002,0.043216,0.0350289,0,0.00604203,0.0344758,0.458357,0.00604203,0.0344758,0.458357
4.68,0.032539,0.0180001,0.0412136,0.0332756,0,0.00557596,0.0327819,0.508269,0.00557596,0.0327819,0.508269
4.7,0.0306908,0.0180001,0.0390455,0.0313885,0,0.00509107,0.0308721,0.428745,0.00509107,0.0308721,0.428745
4.72,0.028719,0.0180001,0.0367203,0.0293749,0,0.00457942,0.0288562,0.463921,0.00457942,0.0288562,0.463921
4.74,0.0266316,0.0180001,0.0342474,0.0272431,0,0.00403874,0.0267984,0.575598,0.00403874,0.0267984,0.575598
4.76,0.024437,0.0180001,0.0316366,0.0250016,0,0.00348157,0.0246073,0.572346,0.00348157,0.0246073,0.572346
4.78,0.0221441,0.0180001,0.0288984,0.0226594,0,0.00291102,0.0222651,0.534574,0.00291102,0.0222651,0.534574
4.8,0.0197619,0.0180001,0.0260437,0.0202259,0,0.00232036,0.019862,0.585924,0.00232036,0.019862,0.585924
4.82,0.0173002,0.0180001,0.0230841,0.0177111,0,0.00171255,0.0174105,0.633471,0.00171255,0.0174105,0.633471
4.84,0.0147689,0.0180001,0.0200313,0.0151249,0,0.00109537,0.0148639,0.622364,0.00109537,0.0148639,0.622364
4.86,0.0121781,0.0180001,0.0168977,0.0124778,0,0.000468989,0.0122406,0.623773,0.000468989,0.0122406,0.623773
4.88,0.00953829,0.0180001,0.0136958,0.00978038,0,-0.000167041,0.00958226,0.650385,-0.000167041,0.00958226,0.650385
4.9,0.00686007,0.0180001,0.0104385,0.00704361,0,-0.000807792,0.00688947,0.662508,-0.000807792,0.00688947,0.662508
4.92,0.00415424,0.0180001,0.00713893,0.00427845,0,-0.00144836,0.00415824,0.661955,-0.00144836,0.00415824,0.661955
4.94,0.00143167,0.0180001,0.00381029,0.00149604,0,-0.00208584,0.00140654,0.66664,-0.00208584,0.00140654,0.66664
4.96,-0.00129665,0.0180001,0.000466019,-0.00129242,0,-0.00271623,-0.00134822,0.672758,-0.00271623,-0.00134822,0.672758
4.98,-0.00401976,0.0180001,-0.00288042,-0.00407569,0,-0.00333416,-0.00409798,0.673637,-0.00333416,-0.00409798,0.673637
5,-0.00672668,0.0180001,-0.00621553,-0.00684258,0,-0.00393456,-0.00683323,0.67118,-0.00393456,-0.00683323,0.67118
5.02,-0.00940652,0.0180001,-0.00952589,-0.00958193,0,-0.00451269,-0.00954079,0.667445,-0.00451269,-0.00954079,0.667445
5.04,-0.0120485,0.018,-0.0127981,-0.0122827,0,-0.00506383,-0.0122082,0.661441,-0.00506383,-0.0122082,0.661441
5.06,-0.014642,0.018,-0.0160191,-0.0149341,0,-0.00558354,-0.0148245,0.652191,-0.00558354,-0.0148245,0.652191
5.08,-0.0171765,0.018,-0.0191757,-0.0175253,0,-0.00606805,-0.0173788,0.639696,-0.00606805,-0.0173788,0.639696
5.1,-0.0196419,0.018,-0.0222553,-0.020046,0,-0.00651441,-0.0198599,0.624011,-0.00651441,-0.0198599,0.624011
5.12,-0.0220282,0.018,-0.0252454,-0.022486,0,-0.00692062,-0.0222575,0.604915,-0.00692062,-0.0222575,0.604915
5.14,-0.0243258,0.018,-0.028134,-0.0248355,0,-0.00728568,-0.0245617,0.582208,-0.00728568,-0.0245617,0.582208
5.16,-0.0265255,0.018,-0.0309094,-0.027085,0,-0.00760963,-0.0267636,0.555875,-0.00760963,-0.0267636,0.555875
5.18,-0.0286184,0.018,-0.0335604,-0.0292254,0,-0.00789355,-0.0288549,0.526017,-0.00789355,-0.0288549,0.526017
5.2,-0.030596,0.018,-0.0360763,-0.0312482,0,-0.00813935,-0.0308279,0.492785,-0.00813935,-0.0308279,0.492785
5.22,-0.0324505,0.018,-0.0384469,-0.0331452,0,-0.00834958,-0.0326759,0.456384,-0.00834958,-0.0326759,0.456384
5.24,-0.0341744,0.018,-0.0406626,-0.0349087,0,-0.00852714,-0.0343926,0.417096,-0.00852714,-0.0343926,0.417096
5.26,-0.0357607,0.018,-0.0427146,-0.0365317,0,-0.00867498,-0.0359724,0.375259,-0.00867498,-0.0359724,0.375259
5.28,-0.037203,0.018,-0.0445946,-0.0380076,0,-0.00879579,-0.0374101,0.331238,-0.00879579,-0.0374101,0.331238
5.3,-0.0384956,0.018,-0.0462948,-0.0393305,0,-0.00889172,-0.0387008,0.285407,-0.00889172,-0.0387008,0.285407
5.32,-0.0396331,0.018,-0.0478086,-0.040495,0,-0.00896421,-0.0398395,0.238143,-0.00896421,-0.0398395,0.238143
5.34,-0.0406111,0.018,-0.0491298,-0.0414964,0,-0.00901383,-0.0408217,0.189815,-0.00901383,-0.0408217,0.189815
5.36,-0.0414257,0.018,-0.050253,-0.0423308,0,-0.00904036,-0.0416429,0.140774,-0.00904036,-0.0416429,0.140774
5.38,-0.0420734,0.018,-0.0511737,-0.0429948,0,-0.00904285,-0.042299,0.0913412,-0.00904285,-0.042299,0.0913412
5.4,-0.0425518,0.018,-0.0518883,-0.0434857,0,-0.00901986,-0.0427861,0.0418109,-0.00901986,-0.0427861,0.0418109
5.42,-0.0428588,0.018,-0.0523938,-0.0438015,0,-0.00896971,-0.0431012,-0.00754911,-0.00896971,-0.0431012,-0.00754911
5.44,-0.0429933,0.018,-0.0526883,-0.0439409,0,-0.00889074,-0.0432417,-0.0564918,-0.00889074,-0.0432417,-0.0564918
5.46,-0.0429548,0.018,-0.0527705,-0.0439034,0,-0.00878163,-0.0432063,-0.104789,-0.00878163,-0.0432063,-0.104789
5.48,-0.0427433,0.018,-0.0526402,-0.0436892,0,-0.00864386,-0.042984,-0.122523,-0.00864386,-0.042984,-0.122523
5.5,-0.0423597,0.018,-0.0522978,-0.0432991,0,-0.00847725,-0.0425881,-0.128049,-0.00847725,-0.0425881,-0.128049
5.52,-0.0418056,0.018,-0.0517447,-0.0427347,0,-0.00827617,-0.0420592,-0.195649,-0.00827617,-0.0420592,-0.195649
5.54,-0.0410832,0.018,-0.0509833,-0.0419982,0,-0.00803857,-0.0413778,-0.280076,-0.00803857,-0.0413778,-0.280076
5.56,-0.0401954,0.018,-0.0500166,-0.0410926,0,-0.00776769,-0.0404805,-0.272297,-0.00776769,-0.0404805,-0.272297
5.58,-0.0391457,0.018,-0.0488484,-0.0400216,0,-0.00746042,-0.0393928,-0.250638,-0.00746042,-0.0393928,-0.250638
5.6,-0.0379385,0.018,-0.0474836,-0.0387895,0,-0.00710855,-0.0381984,-0.343744,-0.00710855,-0.0381984,-0.343744
5.62,-0.0365786,0.018,-0.0459276,-0.0374012,0,-0.00671551,-0.0368678,-0.433705,-0.00671551,-0.0368678,-0.433705
5.64,-0.0350714,0.018,-0.0441867,-0.0358624,0,-0.00629221,-0.0353166,-0.386791,-0.00629221,-0.0353166,-0.386791
5.66,-0.0334229,0.018,-0.0422679,-0.0341792,0,-0.00583717,-0.033604,-0.373298,-0.00583717,-0.033604,-0.373298
5.68,-0.03164,0.018,-0.040179,-0.0323584,0,-0.00534573,-0.0318288,-0.486428,-0.00534573,-0.0318288,-0.486428
5.7,-0.0297296,0.018,-0.0379284,-0.0304073,0,-0.00482853,-0.0299343,-0.538243,-0.00482853,-0.0299343,-0.538243
5.72,-0.0276996,0.018,-0.0355251,-0.0283339,0,-0.00429605,-0.0278544,-0.483298,-0.00429605,-0.0278544,-0.483298
5.74,-0.0255581,0.018,-0.0329789,-0.0261463,0,-0.00374375,-0.0256698,-0.50898,-0.00374375,-0.0256698,-0.50898
5.76,-0.0233136,0.018,-0.0303,-0.0238535,0,-0.00317028,-0.0234389,-0.592576,-0.00317028,-0.0234389,-0.592576
5.78,-0.0209753,0.018,-0.0274992,-0.0214647,0,-0.00258525,-0.0211028,-0.598824,-0.00258525,-0.0211028,-0.598824
5.8,-0.0185526,0.018,-0.0245878,-0.0189895,0,-0.00199162,-0.0186462,-0.579449,-0.00199162,-0.0186462,-0.579449
5.82,-0.0160552,0.018,-0.0215774,-0.0164378,0,-0.00138513,-0.0161298,-0.613414,-0.00138513,-0.0161298,-0.613414
5.84,-0.0134931,0.018,-0.0184803,-0.01382,0,-0.000767639,-0.0135686,-0.645507,-0.000767639,-0.0135686,-0.645507
5.86,-0.0108767,0.018,-0.0153088,-0.0111465,0,-0.000144253,-0.0109394,-0.644284,-0.000144253,-0.0109394,-0.644284
5.88,-0.00821657,0.018,-0.0120758,-0.00842822,0,0.000484147,-0.00825436,-0.647278,0.000484147,-0.00825436,-0.647278
5.9,-0.00552333,0.018,-0.00879428,-0.00567596,0,0.00111691,-0.00554114,-0.661991,0.00111691,-0.00554114,-0.661991
5.92,-0.00280784,0.018,-0.00547738,-0.00290086,0,0.00175016,-0.00280679,-0.669568,0.00175016,-0.00280679,-0.669568
5.94,-8.1053e-05,0.018,-0.0021385,-0.000114081,0,0.00237951,-5.48344e-05,-0.669984,0.00237951,-5.48344e-05,-0.669984
5.96,0.00264606,0.018,0.00120895,0.00267315,0,0.00300122,0.00270092,-0.670993,0.00300122,0.00270092,-0.670993
5.98,0.00536252,0.018,0.00455149,0.00544963,0,0.00361078,0.00544586,-0.671648,0.00361078,0.00544586,-0.671648
6,0.0080574,0.018,0.00787567,0.00820416,0,0.00420288,0.0081693,-0.669081,0.00420288,0.0081693,-0.669081
6.02,0.0107198,0.018,0.0111681,0.0109257,0,0.00477223,0.0108605,-0.663548,0.00477223,0.0108605,-0.663548
6.04,0.0133391,0.018,0.0144156,0.0136032,0,0.00531379,0.0135071,-0.65576,0.00531379,0.0135071,-0.65576
6.06,0.0159047,0.018,0.017605,0.0162259,0,0.00582287,0.0160971,-0.645338,0.00582287,0.0160971,-0.645338
6.08,0.0184062,0.018,0.0207236,0.0187834,0,0.00629533,0.0186193,-0.63171,0.00629533,0.0186193,-0.63171
6.1,0.0208337,0.018,0.0237587,0.0212652,0,0.00672795,0.0210629,-0.614659,0.00672795,0.0210629,-0.614659
6.12,0.0231773,0.018,0.0266983,0.0236614,0,0.00711861,0.0234174,-0.594114,0.00711861,0.0234174,-0.594114
6.14,0.0254275,0.018,0.0295303,0.0259624,0,0.00746636,0.0256733,-0.569974,0.00746636,0.0256733,-0.569974
6.16,0.0275754,0.018,0.0322435,0.0281588,0,0.00777149,0.0278217,-0.542181,0.00777149,0.0278217,-0.542181
6.18,0.0296123,0.018,0.034827,0.0302419,0,0.00803546,0.0298545,-0.510807,0.00803546,0.0298545,-0.510807
6.2,0.03153,0.018,0.0372702,0.0322032,0,0.0082607,0.0317648,-0.476041,0.0082607,0.0317648,-0.476041
6.22,0.0333207,0.018,0.0395635,0.0340349,0,0.00845035,0.0335462,-0.438145,0.00845035,0.0335462,-0.438145
6.24,0.0349773,0.018,0.0416975,0.0357296,0,0.00860793,0.0351931,-0.397433,0.00860793,0.0351931,-0.397433
6.26,0.0364931,0.018,0.0436637,0.0372805,0,0.00873693,0.0367005,-0.354267,0.00873693,0.0367005,-0.354267
6.28,0.0378619,0.018,0.0454541,0.0386812,0,0.00884045,0.0380635,-0.309049,0.00884045,0.0380635,-0.309049
6.3,0.0390784,0.018,0.0470616,0.0399263,0,0.00892087,0.0392777,-0.262192,0.00892087,0.0392777,-0.262192
6.32,0.0401375,0.018,0.0484797,0.0410106,0,0.00897964,0.0403385,-0.2141,0.00897964,0.0403385,-0.2141
6.34,0.041035,0.018,0.0497027,0.0419298,0,0.00901718,0.0412415,-0.165159,0.00901718,0.0412415,-0.165159
6.36,0.0417674,0.018,0.0507256,0.0426802,0,0.00903291,0.0419823,-0.115725,0.00903291,0.0419823,-0.115725
6.38,0.0423315,0.018,0.0515443,0.0432588,0,0.0090254,0.0425568,-0.0661244,0.0090254,0.0425568,-0.0661244
6.4,0.0427253,0.018,0.0521555,0.0436632,0,0.0089927,0.0429613,-0.0166462,0.0089927,0.0429613,-0.0166462
6.42,0.042947,0.018,0.0525568,0.0438918,0,0.0089326,0.0431926,0.0324568,0.0089326,0.0431926,0.0324568
6.44,0.0429959,0.018,0.0527465,0.0439438,0,0.00884302,0.0432484,0.0809591,0.00884302,0.0432484,0.0809591
6.46,0.0428717,0.018,0.0527238,0.0438188,0,0.00872269,0.0431258,0.0755927,0.00872269,0.0431258,0.0755927
6.48,0.0425748,0.018,0.0524889,0.0435175,0,0.00856708,0.0428443,0.148231,0.00856708,0.0428443,0.148231
6.5,0.0421066,0.018,0.0520427,0.0430409,0,0.0083738,0.0423968,0.219594,0.0083738,0.0423968,0.219594
6.52,0.0414688,0.018,0.051387,0.042391,0,0.00814811,0.0417344,0.205702,0.00814811,0.0417344,0.205702
6.54,0.0406641,0.018,0.0505244,0.0415705,0,0.0078876,0.0408971,0.198615,0.0078876,0.0408971,0.198615
6.56,0.0396957,0.018,0.0494584,0.0405827,0,0.00758548,0.0399556,0.304497,0.00758548,0.0399556,0.304497
6.58,0.0385675,0.018,0.0481933,0.0394314,0,0.0072461,0.0388592,0.388541,0.0072461,0.0388592,0.388541
6.6,0.037284,0.018,0.0467341,0.0381215,0,0.00687889,0.0375272,0.328408,0.00687889,0.0375272,0.328408
6.62,0.0358505,0.018,0.0450868,0.036658,0,0.00647929,0.0360381,0.322231,0.00647929,0.0360381,0.322231
6.64,0.0342726,0.018,0.0432579,0.0350469,0,0.00604073,0.0344891,0.458074,0.00604073,0.0344891,0.458074
6.66,0.0325567,0.018,0.0412549,0.0332948,0,0.00557426,0.0327967,0.508405,0.00557426,0.0327967,0.508405
6.68,0.0307097,0.018,0.0390857,0.0314086,0,0.00508971,0.0308883,0.428629,0.00508971,0.0308883,0.428629
6.7,0.0287391,0.018,0.0367592,0.029396,0,0.00457908,0.0288741,0.463743,0.00457908,0.0288741,0.463743
6.72,0.0266529,0.018,0.0342847,0.027265,0,0.0040399,0.0268183,0.575845,0.0040399,0.0268183,0.575845
6.74,0.0244593,0.018,0.0316721,0.0250243,0,0.00348459,0.0246291,0.572619,0.00348459,0.0246291,0.572619
6.76,0.0221672,0.018,0.028932,0.0226828,0,0.00291606,0.0222886,0.534524,0.00291606,0.0222886,0.534524
6.78,0.0197859,0.018,0.0260754,0.02025,0,0.00232735,0.0198871,0.585895,0.00232735,0.0198871,0.585895
6.8,0.017325,0.018,0.0231138,0.0177357,0,0.00172123,0.017437,0.633524,0.00172123,0.017437,0.633524
6.82,0.0147943,0.018,0.0200591,0.0151499,0,0.00110536,0.0148915,0.622255,0.00110536,0.0148915,0.622255
6.84,0.012204,0.018,0.0169237,0.0125032,0,0.000479812,0.0122688,0.623517,0.000479812,0.0122688,0.623517
6.86,0.00956464,0.018,0.0137201,0.00980616,0,-0.000155927,0.00961083,0.650119,-0.000155927,0.00961083,0.650119
6.88,0.00688674,0.018,0.0104613,0.00706963,0,-0.000796912,0.00691816,0.662228,-0.000796912,0.00691816,0.662228
6.9,0.00418113,0.018,0.00716039,0.00430463,0,-0.00143818,0.00418674,0.661628,-0.00143818,0.00418674,0.661628
6.92,0.00145868,0.018,0.00383062,0.0015223,0,-0.00207673,0.00143464,0.666323,-0.00207673,0.00143464,0.666323
6.94,-0.00126965,0.018,0.000485438,-0.00126615,0,-0.00270845,-0.00132066,0.672506,-0.00270845,-0.00132066,0.672506
6.96,-0.00399286,0.018,-0.0028617,-0.00404951,0,-0.00332784,-0.00407108,0.673458,-0.00332784,-0.00407108,0.673458
6.98,-0.0067,0.018,-0.00619731,-0.00681656,0,-0.00392968,-0.00680706,0.671084,-0.00392968,-0.00680706,0.671084
7,-0.00938016,0.018,-0.00950797,-0.00955617,0,-0.00450911,-0.00951536,0.667452,-0.00450911,-0.00951536,0.667452
7.02,-0.0120226,0.018,-0.0127803,-0.0122573,0,-0.00506132,-0.0121835,0.661555,-0.00506132,-0.0121835,0.661555
7.04,-0.0146166,0.018,-0.0160013,-0.0149091,0,-0.00558179,-0.0148005,0.652401,-0.00558179,-0.0148005,0.652401
7.06,-0.0171517,0.018,-0.0191577,-0.0175009,0,-0.00606671,-0.0173553,0.639987,-0.00606671,-0.0173553,0.639987
7.08,-0.0196178,0.018,-0.0222371,-0.0200222,0,-0.00651316,-0.019837,0.624366,-0.00651316,-0.019837,0.624366
7.1,-0.0220049,0.018,-0.0252269,-0.0224629,0,-0.00691915,-0.0222351,0.605312,-0.00691915,-0.0222351,0.605312
7.12,-0.0243035,0.018,-0.0281151,-0.0248132,0,-0.00728376,-0.0245399,0.582625,-0.00728376,-0.0245399,0.582625
7.14,-0.0265042,0.018,-0.0308902,-0.0270635,0,-0.00760714,-0.0267424,0.556294,-0.00760714,-0.0267424,0.556294
7.16,-0.0285982,0.018,-0.0335409,-0.0292049,0,-0.00789046,-0.0288343,0.526424,-0.00789046,-0.0288343,0.526424
7.18,-0.030577,0.018,-0.0360565,-0.0312288,0,-0.00813574,-0.0308081,0.49317,-0.00813574,-0.0308081,0.49317
7.2,-0.0324328,0.018,-0.0384269,-0.0331269,0,-0.00834563,-0.032657,0.456745,-0.00834563,-0.032657,0.456745
7.22,-0.034158,0.018,-0.0406427,-0.0348917,0,-0.00852309,-0.0343749,0.417435,-0.00852309,-0.0343749,0.417435
7.24,-0.0357457,0.018,-0.0426948,-0.036516,0,-0.00867113,-0.0359561,0.375583,-0.00867113,-0.0359561,0.375583
7.26,-0.0371895,0.018,-0.0445751,-0.0379932,0,-0.00879241,-0.0373955,0.331557,-0.00879241,-0.0373955,0.331557
7.28,-0.0384835,0.018,-0.0462758,-0.0393176,0,-0.00888908,-0.0386879,0.285733,-0.00888908,-0.0386879,0.285733
7.3,-0.0396226,0.018,-0.0477903,-0.0404836,0,-0.00896248,-0.0398286,0.238488,-0.00896248,-0.0398286,0.238488
7.32,-0.0406023,0.018,-0.0491124,-0.0414867,0,-0.00901313,-0.0408128,0.19019,-0.00901313,-0.0408128,0.19019
7.34,-0.0414184,0.018,-0.0502367,-0.0423227,0,-0.00904068,-0.0416361,0.141186,-0.00904068,-0.0416361,0.141186
7.36,-0.0420678,0.018,-0.0511588,-0.0429884,0,-0.00904411,-0.0422942,0.0917951,-0.00904411,-0.0422942,0.0917951
7.38,-0.0425479,0.018,-0.0518749,-0.043481,0,-0.00902188,-0.0427832,0.0423063,-0.00902188,-0.0427832,0.0423063
7.4,-0.0428566,0.018,-0.0523823,-0.0437985,0,-0.00897226,-0.0431001,-0.00701622,-0.00897226,-0.0431001,-0.00701622
7.42,-0.0429929,0.018,-0.0526787,-0.0439397,0,-0.00889358,-0.0432422,-0.0559295,-0.00889358,-0.0432422,-0.0559295
7.44,-0.042956,0.018,-0.052763,-0.0439041,0,-0.00878451,-0.0432084,-0.104209,-0.00878451,-0.0432084,-0.104209
7.46,-0.0427462,0.018,-0.052635,-0.0436916,0,-0.00864652,-0.0429878,-0.122352,-0.00864652,-0.0429878,-0.122352
7.48,-0.0423643,0.018,-0.052295,-0.0433033,0,-0.00847957,-0.0425931,-0.128178,-0.00847957,-0.0425931,-0.128178
7.5,-0.0418119,0.018,-0.0517445,-0.0427407,0,-0.00827818,-0.0420649,-0.19477,-0.00827818,-0.0420649,-0.19477
7.52,-0.0410911,0.018,-0.0509857,-0.0420059,0,-0.00804037,-0.0413844,-0.278833,-0.00804037,-0.0413844,-0.278833
7.54,-0.040205,0.018,-0.0500217,-0.0411021,0,-0.00776936,-0.0404893,-0.272559,-0.00776936,-0.0404893,-0.272559
7.56,-0.0391569,0.018,-0.0488563,-0.0400328,0,-0.0074622,-0.0394037,-0.251229,-0.0074622,-0.0394037,-0.251229
7.58,-0.0379512,0.018,-0.0474942,-0.0388024,0,-0.00711077,-0.0382102,-0.342636,-0.00711077,-0.0382102,-0.342636
7.6,-0.0365928,0.018,-0.0459409,-0.0374157,0,-0.00671833,-0.0368808,-0.432546,-0.00671833,-0.0368808,-0.432546
7.62,-0.035087,0.018,-0.0442026,-0.0358784,0,-0.00629563,-0.0353323,-0.387652,-0.00629563,-0.0353323,-0.387652
7.64,-0.0334399,0.018,-0.0422864,-0.0341966,0,-0.00584132,-0.0336217,-0.373744,-0.00584132,-0.0336217,-0.373744
7.66,-0.0316583,0.018,-0.0402,-0.0323772,0,-0.00535073,-0.0318471,-0.485107,-0.00535073,-0.0318471,-0.485107
7.68,-0.0297492,0.018,-0.0379517,-0.0304275,0,-0.00483424,-0.0299538,-0.537647,-0.00483424,-0.0299538,-0.537647
7.7,-0.0277203,0.018,-0.0355507,-0.0283552,0,-0.00430226,-0.027876,-0.484096,-0.00430226,-0.027876,-0.484096
7.72,-0.0255798,0.018,-0.0330065,-0.0261688,0,-0.00375041,-0.0256926,-0.508782,-0.00375041,-0.0256926,-0.508782
7.74,-0.0233363,0.018,-0.0303295,-0.023877,0,-0.00317729,-0.023462,-0.591586,-0.00317729,-0.023462,-0.591586
7.76,-0.0209989,0.018,-0.0275304,-0.0214892,0,-0.00259236,-0.0211268,-0.59872,-0.00259236,-0.0211268,-0.59872
7.78,-0.018577,0.018,-0.0246204,-0.0190148,0,-0.00199867,-0.0186714,-0.579646,-0.00199867,-0.0186714,-0.579646
7.8,-0.0160802,0.018,-0.0216113,-0.0164638,0,-0.00139207,-0.0161553,-0.613025,-0.00139207,-0.0161553,-0.613025
7.82,-0.0135188,0.018,-0.0185152,-0.0138466,0,-0.00077437,-0.0135944,-0.645109,-0.00077437,-0.0135944,-0.645109
7.84,-0.0109029,0.018,-0.0153446,-0.0111736,0,-0.000150685,-0.0109656,-0.644242,-0.000150685,-0.0109656,-0.644242
7.86,-0.00824309,0.018,-0.0121122,-0.00845566,0,0.000478026,-0.00828098,-0.647221,0.000478026,-0.00828098,-0.647221
7.88,-0.00555012,0.018,-0.00883102,-0.00570366,0,0.00111107,-0.00556787,-0.661839,0.00111107,-0.00556787,-0.661839
7.9,-0.0028348,0.018,-0.00551429,-0.0029287,0,0.00174458,-0.00283359,-0.669495,0.00174458,-0.00283359,-0.669495
7.92,-0.000108071,0.018,-0.00217537,-0.000141954,0,0.00237416,-8.17077e-05,-0.669999,0.00237416,-8.17077e-05,-0.669999
7.94,0.00261909,0.018,0.00117232,0.00264537,0,0.00299603,0.00267407,-0.671027,0.00299603,0.00267407,-0.671027
7.96,0.00533572,0.018,0.00451529,0.00542204,0,0.0036057,0.00541913,-0.6717,0.0036057,0.00541913,-0.6717
7.98,0.00803086,0.018,0.00784009,0.00817689,0,0.00419789,0.00814278,-0.669168,0.00419789,0.00814278,-0.669168
8,0.0106937,0.018,0.0111333,0.0108988,0,0.0047673,0.0108342,-0.663666,0.0047673,0.0108342,-0.663666
8.02,0.0133134,0.018,0.0143817,0.0135769,0,0.00530893,0.0134812,-0.655898,0.00530893,0.0134812,-0.655898
8.04,0.0158796,0.018,0.0175723,0.0162003,0,0.00581808,0.0160717,-0.645493,0.00581808,0.0160717,-0.645493
8.06,0.0183818,0.018,0.020692,0.0187584,0,0.00629067,0.0185945,-0.631884,0.00629067,0.0185945,-0.631884
8.08,0.02081,0.018,0.0237285,0.0212411,0,0.00672349,0.0210389,-0.614853,0.00672349,0.0210389,-0.614853
8.1,0.0231545,0.018,0.0266695,0.0236382,0,0.0071144,0.0233943,-0.594329,0.0071144,0.0233943,-0.594329
8.12,0.0254057,0.018,0.0295031,0.0259402,0,0.00746248,0.0256512,-0.570211,0.00746248,0.0256512,-0.570211
8.14,0.0275547,0.018,0.0322179,0.0281377,0,0.00776802,0.0278006,-0.542444,0.00776802,0.0278006,-0.542444
8.16,0.0295927,0.018,0.034803,0.030222,0,0.00803245,0.0298347,-0.5111,0.00803245,0.0298347,-0.5111
8.18,0.0315116,0.018,0.037248,0.0321846,0,0.00825818,0.0317463,-0.476365,0.00825818,0.0317463,-0.476365
8.2,0.0333036,0.018,0.0395431,0.0340176,0,0.00844835,0.0335291,-0.438502,0.00844835,0.0335291,-0.438502
8.22,0.0349616,0.018,0.0416789,0.0357137,0,0.00860643,0.0351775,-0.397822,0.00860643,0.0351775,-0.397822
8.24,0.0364788,0.018,0.043647,0.037266,0,0.0087359,0.0366863,-0.354687,0.0087359,0.0366863,-0.354687
8.26,0.0378491,0.018,0.0454394,0.0386683,0,0.00883983,0.0380509,-0.309498,0.00883983,0.0380509,-0.309498
8.28,0.0390671,0.018,0.0470488,0.0399149,0,0.0089206,0.0392667,-0.262666,0.0089206,0.0392667,-0.262666
8.3,0.0401278,0.018,0.0484688,0.0410008,0,0.00897965,0.040329,-0.214594,0.00897965,0.040329,-0.214594
8.32,0.0410269,0.018,0.0496937,0.0419217,0,0.0090174,0.0412336,-0.165667,0.0090174,0.0412336,-0.165667
8.34,0.0417609,0.018,0.0507185,0.0426737,0,0.00903329,0.041976,-0.116241,0.00903329,0.041976,-0.116241
8.36,0.0423268,0.018,0.0515391,0.043254,0,0.00902591,0.0425521,-0.0666429,0.00902591,0.0425521,-0.0666429
8.38,0.0427222,0.018,0.0521523,0.0436602,0,0.00899332,0.0429582,-0.0171609,0.00899332,0.0429582,-0.0171609
8.4,0.0429457,0.018,0.0525555,0.0438905,0,0.00893333,0.0431911,0.0319513,0.00893333,0.0431911,0.0319513
8.42,0.0429963,0.018,0.0527471,0.0439442,0,0.0088439,0.0432486,0.0804674,0.0088439,0.0432486,0.0804674
8.44,0.0428737,0.018,0.0527263,0.043821,0,0.00872373,0.0431278,0.0753297,0.00872373,0.0431278,0.0753297
8.46,0.0425786,0.018,0.0524933,0.0435213,0,0.00856831,0.042848,0.147936,0.00856831,0.042848,0.147936
8.48,0.0421121,0.018,0.0520489,0.0430465,0,0.00837527,0.0424021,0.219072,0.00837527,0.0424021,0.219072
8.5,0.041476,0.018,0.051395,0.0423983,0,0.00814984,0.0417413,0.205266,0.00814984,0.0417413,0.205266
8.52,0.0406729,0.018,0.0505342,0.0415795,0,0.00788963,0.0409058,0.198478,0.00788963,0.0409058,0.198478
8.54,0.0397061,0.018,0.04947,0.0405932,0,0.00758785,0.0399659,0.304267,0.00758785,0.0399659,0.304267
8.56,0.0385795,0.018,0.0482066,0.0394436,0,0.00724887,0.0388709,0.388016,0.00724887,0.0388709,0.388016
8.58,0.0372975,0.018,0.0467491,0.0381351,0,0.00688208,0.0375405,0.32805,0.00688208,0.0375405,0.32805
8.6,0.0358654,0.018,0.0451034,0.0366731,0,0.00648292,0.036053,0.32215,0.00648292,0.036053,0.32215
8.62,0.0342889,0.018,0.0432762,0.0350635,0,0.00604483,0.0345056,0.45785,0.00604483,0.0345056,0.45785
8.64,0.0325743,0.018,0.0412747,0.0333127,0,0.00557884,0.0328144,0.507979,0.00557884,0.0328144,0.507979
8.66,0.0307286,0.018,0.039107,0.0314278,0,0.00509473,0.0309074,0.428368,0.00509473,0.0309074,0.428368
8.68,0.0287592,0.018,0.0367819,0.0294164,0,0.00458449,0.0288945,0.463616,0.00458449,0.0288945,0.463616
8.7,0.0266741,0.018,0.0343088,0.0272866,0,0.00404566,0.0268399,0.575627,0.00404566,0.0268399,0.575627
8.72,0.0244815,0.018,0.0316975,0.0250469,0,0.00349063,0.0246517,0.572323,0.00349063,0.0246517,0.572323
8.74,0.0221904,0.018,0.0289586,0.0227064,0,0.00292232,0.0223121,0.534298,0.00292232,0.0223121,0.534298
8.76,0.0198099,0.018,0.0261031,0.0202744,0,0.00233374,0.0199114,0.585737,0.00233374,0.0199114,0.585737
8.78,0.0173497,0.018,0.0231425,0.0177609,0,0.0017277,0.0174621,0.633358,0.0017277,0.0174621,0.633358
8.8,0.0148196,0.018,0.0200888,0.0151758,0,0.00111184,0.0149171,0.62206,0.00111184,0.0149171,0.62206
8.82,0.0122299,0.018,0.0169542,0.0125296,0,0.000486261,0.0122949,0.623358,0.000486261,0.0122949,0.623358
8.84,0.00959098,0.018,0.0137513,0.00983303,0,-0.000149553,0.00963737,0.650019,-0.000149553,0.00963737,0.650019
8.86,0.00691341,0.018,0.0104931,0.00709684,0,-0.000790642,0.006945,0.662141,-0.000790642,0.006945,0.662141
8.88,0.00420802,0.018,0.00719261,0.00433208,0,-0.00143203,0.00421377,0.661548,-0.00143203,0.00421377,0.661548
8.9,0.00148568,0.018,0.00386319,0.00154988,0,-0.00207073,0.00146176,0.666279,-0.00207073,0.00146176,0.666279
8.92,-0.00124264,0.018,0.000518214,-0.00123855,0,-0.00270259,-0.00129354,0.672499,-0.00270259,-0.00129354,0.672499
8.94,-0.00396596,0.018,-0.00282884,-0.004022,0,-0.00332215,-0.00404405,0.673474,-0.00332215,-0.00404405,0.673474
8.96,-0.00667331,0.018,-0.00616451,-0.00678926,0,-0.00392416,-0.00678023,0.671124,-0.00392416,-0.00678023,0.671124
8.98,-0.00935379,0.018,-0.00947536,-0.00952919,0,-0.00450379,-0.00948884,0.66752,-0.00450379,-0.00948884,0.66752
9,-0.0119966,0.018,-0.0127481,-0.0122308,0,-0.00505621,-0.0121574,0.661652,-0.00505621,-0.0121574,0.661652
9.02,-0.0145911,0.018,-0.0159695,-0.0148831,0,-0.00557692,-0.0147749,0.652524,-0.00557692,-0.0147749,0.652524
9.04,-0.0171269,0.018,-0.0191265,-0.0174755,0,-0.00606211,-0.0173304,0.640138,-0.00606211,-0.0173304,0.640138
9.06,-0.0195938,0.018,-0.0222066,-0.0199975,0,-0.00650885,-0.0198128,0.624544,-0.00650885,-0.0198128,0.624544
9.08,-0.0219817,0.018,-0.0251973,-0.0224391,0,-0.00691516,-0.0222117,0.60552,-0.00691516,-0.0222117,0.60552
9.1,-0.0242812,0.018,-0.0280866,-0.0247903,0,-0.00728012,-0.0245174,0.582864,-0.00728012,-0.0245174,0.582864
9.12,-0.0264829,0.018,-0.0308627,-0.0270417,0,-0.00760388,-0.026721,0.556563,-0.00760388,-0.026721,0.556563
9.14,-0.028578,0.018,-0.0335147,-0.0291843,0,-0.00788759,-0.028814,0.526724,-0.00788759,-0.028814,0.526724
9.16,-0.030558,0.018,-0.0360317,-0.0312093,0,-0.00813327,-0.0307891,0.493501,-0.00813327,-0.0307891,0.493501
9.18,-0.0324151,0.018,-0.0384036,-0.0331087,0,-0.00834355,-0.0326393,0.457107,-0.00834355,-0.0326393,0.457107
9.2,-0.0341416,0.018,-0.040621,-0.0348748,0,-0.00852139,-0.0343585,0.417825,-0.00852139,-0.0343585,0.417825
9.22,-0.0357307,0.018,-0.0426748,-0.0365006,0,-0.00866978,-0.0359412,0.375999,-0.00866978,-0.0359412,0.375999
9.24,-0.0371759,0.018,-0.0445568,-0.0379793,0,-0.0087914,-0.037382,0.331996,-0.0087914,-0.037382,0.331996
9.26,-0.0384715,0.018,-0.0462594,-0.0393052,0,-0.00888837,-0.0386759,0.286193,-0.00888837,-0.0386759,0.286193
9.28,-0.0396121,0.018,-0.0477758,-0.0404728,0,-0.00896205,-0.0398181,0.238964,-0.00896205,-0.0398181,0.238964
9.3,-0.0405934,0.018,-0.0490999,-0.0414775,0,-0.00901293,-0.0408039,0.190678,-0.00901293,-0.0408039,0.190678
9.32,-0.0414111,0.018,-0.0502262,-0.0423153,0,-0.00904071,-0.0416288,0.141682,-0.00904071,-0.0416288,0.141682
9.34,-0.0420622,0.018,-0.0511504,-0.0429826,0,-0.00904436,-0.0422886,0.0922956,-0.00904436,-0.0422886,0.0922956
9.36,-0.042544,0.018,-0.0518687,-0.0434769,0,-0.00902234,-0.0427793,0.0428068,-0.00902234,-0.0427793,0.0428068
9.38,-0.0428544,0.018,-0.0523781,-0.0437962,0,-0.00897294,-0.0430978,-0.00651938,-0.00897294,-0.0430978,-0.00651938
9.4,-0.0429924,0.018,-0.0526767,-0.0439392,0,-0.00889448,-0.0432417,-0.0554398,-0.00889448,-0.0432417,-0.0554398
9.42,-0.0429572,0.018,-0.0527632,-0.0439053,0,-0.00878566,-0.0432095,-0.10373,-0.00878566,-0.0432095,-0.10373
9.44,-0.0427491,0.018,-0.0526373,-0.0436946,0,-0.00864789,-0.0429908,-0.12224,-0.00864789,-0.0429908,-0.12224
9.46,-0.042369,0.018,-0.0522995,-0.043308,0,-0.00848118,-0.0425978,-0.128341,-0.00848118,-0.0425978,-0.128341
9.48,-0.0418182,0.018,-0.0517512,-0.0427471,0,-0.00828014,-0.0420707,-0.194013,-0.00828014,-0.0420707,-0.194013
9.5,-0.0410991,0.018,-0.0509945,-0.0420141,0,-0.00804274,-0.0413915,-0.277721,-0.00804274,-0.0413915,-0.277721
9.52,-0.0402145,0.018,-0.0500325,-0.0411119,0,-0.00777213,-0.0404988,-0.272785,-0.00777213,-0.0404988,-0.272785
9.54,-0.0391681,0.018,-0.048869,-0.0400442,0,-0.00746545,-0.0394154,-0.251741,-0.00746545,-0.0394154,-0.251741
9.56,-0.0379639,0.018,-0.0475089,-0.0388153,0,-0.00711463,-0.0382228,-0.341577,-0.00711463,-0.0382228,-0.341577
9.58,-0.0366069,0.018,-0.0459575,-0.0374302,0,-0.00672275,-0.0368946,-0.431401,-0.00672275,-0.0368946,-0.431401
9.6,-0.0351026,0.018,-0.044221,-0.0358943,0,-0.00630043,-0.0353486,-0.38833,-0.00630043,-0.0353486,-0.38833
9.62,-0.0334569,0.018,-0.0423066,-0.034214,0,-0.00584648,-0.0336398,-0.374046,-0.00584648,-0.0336398,-0.374046
9.64,-0.0316765,0.018,-0.0402218,-0.0323959,0,-0.00535627,-0.0318655,-0.483802,-0.00535627,-0.0318655,-0.483802
9.66,-0.0297687,0.018,-0.0379751,-0.0304474,0,-0.00483998,-0.0299732,-0.53702,-0.00483998,-0.0299732,-0.53702
9.68,-0.0277409,0.018,-0.0355755,-0.0283763,0,-0.00430803,-0.0278974,-0.484748,-0.00430803,-0.0278974,-0.484748
9.7,-0.0256015,0.018,-0.0330327,-0.026191,0,-0.00375623,-0.0257149,-0.508542,-0.00375623,-0.0257149,-0.508542
9.72,-0.023359,0.018,-0.0303568,-0.0239002,0,-0.00318317,-0.0234846,-0.590674,-0.00318317,-0.0234846,-0.590674
9.74,-0.0210225,0.018,-0.0275588,-0.0215133,0,-0.0025982,-0.0211503,-0.598645,-0.0025982,-0.0211503,-0.598645
9.76,-0.0186013,0.018,-0.0246499,-0.0190397,0,-0.00200444,-0.018696,-0.579844,-0.00200444,-0.018696,-0.579844
9.78,-0.0161053,0.018,-0.0216417,-0.0164894,0,-0.00139784,-0.0161805,-0.612709,-0.00139784,-0.0161805,-0.612709
9.8,-0.0135444,0.018,-0.0185464,-0.0138728,0,-0.000780166,-0.0136199,-0.644807,-0.000780166,-0.0136199,-0.644807
9.82,-0.010929,0.018,-0.0153764,-0.0112003,0,-0.000156493,-0.0109917,-0.64426,-0.000156493,-0.0109917,-0.64426
9.84,-0.00826961,0.018,-0.0121445,-0.00848275,0,0.000472178,-0.00830758,-0.647215,0.000472178,-0.00830758,-0.647215
9.86,-0.00557691,0.018,-0.00886369,-0.00573103,0,0.00110515,-0.00559475,-0.661738,0.00110515,-0.00559475,-0.661738
9.88,-0.00286176,0.018,-0.00554722,-0.00295625,0,0.0017386,-0.00286066,-0.669452,0.0017386,-0.00286066,-0.669452
9.9,-0.000135088,0.018,-0.00220842,-0.000169555,0,0.00236814,-0.000108936,-0.670019,0.00236814,-0.000108936,-0.670019
9.92,0.00259213,0.018,0.00113927,0.00261782,0,0.00299,0.00264681,-0.671046,0.00299,0.00264681,-0.671046
9.94,0.00530891,0.018,0.00448237,0.00539465,0,0.00359971,0.00539199,-0.67172,0.00359971,0.00539199,-0.67172
9.96,0.00800431,0.018,0.00780743,0.00814977,0,0.004192,0.00811586,-0.66921,0.004192,0.00811586,-0.66921
9.98,0.0106675,0.018,0.0111011,0.0108721,0,0.00476158,0.0108076,-0.663732,0.00476158,0.0108076,-0.663732
10,0.0132877,0.018,0.01435,0.0135506,0,0.00530345,0.0134551,-0.663732,0.00530345,0.0134551,-0.663732
