family,setting,u_rms,IAE,acc_rms,ppf_viol_m,sat_frac,travel_max_m
LQR,q_z=100000,0.972568,1.40541,0.75824,0.0932835,0,0.0688912
LQR,q_z=1e+06,0.271529,0.778062,0.438431,0.0435572,0,0.0195842
LQR,q_z=1e+07,0.175811,0.41302,0.268981,0.0146591,0,0.0119384
LQR,q_z=1e+08,0.391978,0.20847,0.173629,0,0,0.0271518
LQR,q_z=1e+09,0.526892,0.106341,0.15541,0,0,0.0355617
LQR,q_z=1e+10,0.650302,0.0707805,0.229755,0,0,0.0399556
Skyhook,c=1000,k=0,1.66183,0.572171,0.626253,0.0275,0,0.0123336
Skyhook,c=1000,k=30000,0.386983,0.219164,0.167633,0,0,0.0265706
Skyhook,c=1000,k=100000,0.528471,0.0859469,0.113501,0,0,0.0367063
Skyhook,c=3000,k=0,0.320372,0.479644,0.276194,0.0198827,0,0.0210565
Skyhook,c=3000,k=30000,0.396799,0.211117,0.159954,0,0,0.0267112
Skyhook,c=3000,k=100000,0.533697,0.0854157,0.105273,0,0,0.0366342
Skyhook,c=8000,k=0,0.55238,0.293413,0.1878,0.00492614,0.001998,0.0341165
Skyhook,c=8000,k=30000,0.563518,0.182774,0.155348,0,0.001998,0.0298494
Skyhook,c=8000,k=100000,0.69751,0.0832129,0.128015,0,0.001998,0.0367344
AFC,k x0.25,0.540913,0.294164,0.936401,0.00708581,0,0.0266271
AFC,k x0.5,4.61224,0.560655,10.6428,0.0453263,0.806194,0.057133
AFC,k x1,0.499073,0.129353,0.167925,0,0,0.0344246
AFC,k x2,4.92354,0.641188,14.2234,0.0575435,0.954046,0.0571003
AFC-B,Case B gains,4.7847,0.482958,9.71139,0.0475309,0.878122,0.0599444
BSC,Case A,4.97577,0.675559,16.616,0.0597962,0.987013,0.0519465
PID,Case A,4.97793,0.805866,23.0993,0.0913643,0.987013,0.0433546
Passive,,0,0.666088,0.393115,0.0351833,0,0.0170083
