road,controller,peak_zs_m,acc_rms,acc_max,travel_max_m,tire_load_ratio_max,u_rms,sat_frac,ppf_viol_m
Bump 50 mm x 2.5 m at 20 km/h,Passive,0.0575324,0.617385,3.47306,0.0489933,0.277444,0,0,0.0395252
Bump 50 mm x 2.5 m at 20 km/h,AFC,0.0454121,8.7953,17.9506,0.0510109,1.76617,3.86824,0.593516,0.0274118
Bump 50 mm x 2.5 m at 20 km/h,AFC-AW,0.0188475,1.0117,5.83265,0.0444645,0.729176,1.75107,0.00249377,0.000835851
Bump 50 mm x 2.5 m at 20 km/h,Skyhook,0.026988,0.419057,2.90386,0.0346197,0.222327,0.986977,0.0124688,0.00897941
Bump 50 mm x 2.5 m at 20 km/h,LQR,0.0193342,0.400146,2.55603,0.0359239,0.285001,0.365343,0,0.00132391
Bump 50 mm x 2.5 m at 20 km/h,PID,0.0637654,14.7479,34.6935,0.0627267,3.37475,3.90696,0.603491,0.0457654
ISO 8608 class C at 54 km/h,Passive,0.0821227,1.11323,11.1869,0.0799275,2.75705,0,0,0.0641227
ISO 8608 class C at 54 km/h,AFC,0.121492,13.202,45.8986,0.0635165,4.09245,4.74028,0.886114,0.103492
ISO 8608 class C at 54 km/h,AFC-AW,0.0802681,4.29285,44.1415,0.0749595,3.10695,1.02904,0.022977,0.0622681
ISO 8608 class C at 54 km/h,Skyhook,0.0622067,4.10153,46.6516,0.0541088,3.22575,1.73942,0.0859141,0.0442067
ISO 8608 class C at 54 km/h,LQR,0.114207,25.9764,55.2546,0.0315308,4.56842,4.96061,0.98002,0.0962072
ISO 8608 class C at 54 km/h,PID,0.14117,30.654,69.9974,0.0377814,6.68169,4.97662,0.983017,0.12317
